,"Estimated number of people (all ages) living with HIV","Estimated number of people (all ages) living with HIV","Estimated number of people (all ages) living with HIV","Estimated number of people (all ages) living with HIV","Estimated number of people (all ages) living with HIV","Estimated number of people (all ages) living with HIV","Estimated number of people (all ages) living with HIV","Estimated number of people (all ages) living with HIV","Estimated number of people (all ages) living with HIV","Estimated number of people (all ages) living with HIV","Estimated number of people (all ages) living with HIV","Estimated number of people (all ages) living with HIV","Estimated number of people (all ages) living with HIV","Estimated number of people (all ages) living with HIV","Estimated number of people (all ages) living with HIV","Estimated number of people (all ages) living with HIV","Estimated number of people (all ages) living with HIV","Estimated number of people (all ages) living with HIV","Estimated number of people (all ages) living with HIV","Estimated number of people (all ages) living with HIV","Estimated number of people (all ages) living with HIV"
"Country","2020","2019","2018","2017","2016","2015","2014","2013","2012","2011","2010","2009","2008","2007","2006","2005","2004","2003","2002","2001","2000"
"Afghanistan","12 000 [4700-43 000]","11 000 [4500-38 000]","10 000 [4300-33 000]","9200 [4100-28 000]","8400 [3900-24 000]","7600 [3600-21 000]","6900 [3300-18 000]","6300 [3100-16 000]","5600 [2700-14 000]","5100 [2500-12 000]","4600 [2300-11 000]","4200 [2100-9600]","3800 [2000-8900]","3500 [1800-8300]","3200 [1700-7900]","2900 [1500-7200]","2600 [1400-7000]","2300 [1300-5700]","2000 [1100-4800]","1800 [970-4100]","1500 [860-3600]"
"Albania","1400 [1200-1700]","1400 [1200-1600]","1300 [1100-1500]","1300 [1100-1400]","1200 [1000-1300]","1100 [920-1200]","1000 [840-1100]","910 [770-1000]","810 [690-930]","720 [610-830]","630 [540-740]","550 [<500-640]","<500 [<500-550]","<500 [<500-<500]","<500 [<500-<500]","<500 [<500-<500]","<500 [<200-<500]","<200 [<200-<500]","<200 [<200-<200]","<200 [<100-<200]","<100 [<100-<200]"
"Algeria","18 000 [17 000-20 000]","17 000 [16 000-18 000]","15 000 [14 000-17 000]","14 000 [13 000-15 000]","12 000 [11 000-14 000]","11 000 [10 000-12 000]","9400 [8700-10 000]","8200 [7500-8900]","7300 [6700-7900]","6500 [5900-7000]","5800 [5300-6200]","5200 [4800-5600]","4700 [4400-5100]","4300 [4000-4700]","3900 [3600-4300]","3500 [3200-3900]","3200 [2900-3500]","2800 [2600-3200]","2500 [2300-2800]","2200 [2000-2500]","2000 [1800-2200]"
"Angola","340 000 [280 000-400 000]","340 000 [280 000-390 000]","330 000 [280 000-390 000]","320 000 [270 000-380 000]","320 000 [270 000-370 000]","310 000 [260 000-360 000]","300 000 [250 000-340 000]","290 000 [240 000-330 000]","270 000 [230 000-320 000]","260 000 [210 000-310 000]","250 000 [200 000-290 000]","230 000 [190 000-270 000]","220 000 [180 000-260 000]","200 000 [160 000-240 000]","190 000 [150 000-220 000]","170 000 [140 000-200 000]","150 000 [120 000-190 000]","140 000 [110 000-170 000]","120 000 [97 000-150 000]","110 000 [83 000-130 000]","92 000 [70 000-120 000]"
"Argentina","140 000 [130 000-150 000]","140 000 [120 000-150 000]","130 000 [120 000-140 000]","130 000 [120 000-140 000]","120 000 [110 000-130 000]","120 000 [110 000-130 000]","120 000 [110 000-130 000]","110 000 [100 000-120 000]","110 000 [99 000-120 000]","100 000 [95 000-110 000]","100 000 [92 000-110 000]","96 000 [88 000-100 000]","92 000 [84 000-98 000]","88 000 [80 000-94 000]","84 000 [76 000-90 000]","80 000 [73 000-86 000]","76 000 [69 000-82 000]","72 000 [65 000-77 000]","68 000 [61 000-73 000]","64 000 [57 000-69 000]","59 000 [53 000-64 000]"
"Armenia","4800 [4200-5600]","4500 [4000-5300]","4400 [3900-5000]","4200 [3700-4800]","4100 [3600-4700]","4000 [3500-4600]","3900 [3500-4600]","3900 [3400-4600]","3900 [3400-4700]","3900 [3300-4800]","3900 [3300-4800]","3800 [3200-4800]","3800 [3200-4900]","3700 [3100-4800]","3500 [2800-4700]","3200 [2500-4500]","2800 [2100-4300]","2400 [1700-3900]","1900 [1200-3300]","1500 [850-3000]","1100 [530-2600]"
"Australia","30 000 [24 000-34 000]","29 000 [23 000-33 000]","28 000 [23 000-32 000]","27 000 [22 000-31 000]","26 000 [22 000-30 000]","26 000 [21 000-29 000]","25 000 [20 000-28 000]","24 000 [19 000-27 000]","23 000 [19 000-25 000]","22 000 [18 000-24 000]","21 000 [17 000-23 000]","20 000 [16 000-22 000]","19 000 [16 000-21 000]","18 000 [15 000-20 000]","17 000 [14 000-20 000]","17 000 [14 000-19 000]","16 000 [13 000-18 000]","16 000 [13 000-18 000]","15 000 [12 000-17 000]","14 000 [12 000-17 000]","14 000 [11 000-16 000]"
"Austria","No data","No data","No data","No data","No data","No data","No data","No data","No data","No data","No data","No data","No data","No data","No data","No data","No data","No data","No data","No data","No data"
"Azerbaijan","9900 [7600-13 000]","9800 [7500-13 000]","9600 [7200-13 000]","9400 [7000-13 000]","9300 [7100-13 000]","9100 [7000-13 000]","9100 [6900-13 000]","8900 [6700-13 000]","8800 [6500-12 000]","8700 [6400-12 000]","8600 [6200-12 000]","8500 [6100-12 000]","8300 [5900-12 000]","8100 [5600-12 000]","7800 [5300-12 000]","7500 [4600-11 000]","7000 [3800-11 000]","6500 [3200-11 000]","5800 [2600-10 000]","5000 [1700-9200]","4100 [1200-9200]"
"Bahamas","4700 [4200-5300]","4700 [4200-5400]","4700 [4200-5400]","4700 [4200-5300]","4800 [4200-5400]","4800 [4200-5400]","4800 [4200-5400]","4800 [4200-5500]","4800 [4200-5400]","4700 [4200-5400]","4600 [4000-5300]","4500 [3900-5200]","4400 [3800-5200]","4300 [3700-5000]","4200 [3600-4900]","4100 [3400-4800]","4000 [3300-4700]","3900 [3200-4600]","3900 [3200-4600]","3900 [3200-4600]","3900 [3200-4700]"
"Bahrain","No data","No data","No data","No data","No data","No data","No data","No data","No data","No data","No data","No data","No data","No data","No data","No data","No data","No data","No data","No data","No data"
"Bangladesh","No data","No data","No data","No data","No data","No data","No data","No data","No data","No data","No data","No data","No data","No data","No data","No data","No data","No data","No data","No data","No data"
"Barbados","No data","No data","No data","No data","No data","No data","No data","No data","No data","No data","No data","No data","No data","No data","No data","No data","No data","No data","No data","No data","No data"
"Belarus","28 000 [22 000-37 000]","28 000 [22 000-36 000]","27 000 [21 000-35 000]","25 000 [20 000-33 000]","24 000 [19 000-31 000]","23 000 [18 000-29 000]","21 000 [16 000-27 000]","19 000 [15 000-25 000]","18 000 [14 000-22 000]","16 000 [12 000-20 000]","14 000 [11 000-18 000]","12 000 [9600-15 000]","11 000 [8100-13 000]","8900 [6900-11 000]","7300 [5700-9600]","5900 [4700-7900]","4800 [3700-6400]","3700 [2800-5200]","2900 [2200-4100]","2300 [1700-3200]","1800 [1300-2500]"
"Belgium","No data","No data","No data","No data","No data","No data","No data","No data","No data","No data","No data","No data","No data","No data","No data","No data","No data","No data","No data","No data","No data"
"Belize","3800 [2600-5200]","3800 [2500-5100]","3700 [2500-5000]","3600 [2400-4900]","3500 [2400-4800]","3400 [2300-4700]","3300 [2200-4600]","3200 [2100-4500]","3100 [2000-4400]","3000 [1900-4300]","2900 [1800-4100]","2800 [1700-4000]","2700 [1700-3900]","2500 [1600-3800]","2400 [1500-3700]","2300 [1500-3500]","2200 [1400-3300]","2000 [1300-3100]","1900 [1100-2800]","1700 [1000-2500]","1500 [900-2100]"
"Benin","75 000 [65 000-94 000]","75 000 [65 000-93 000]","76 000 [65 000-93 000]","75 000 [65 000-91 000]","75 000 [65 000-89 000]","75 000 [65 000-88 000]","74 000 [64 000-87 000]","73 000 [63 000-85 000]","71 000 [62 000-83 000]","70 000 [61 000-81 000]","68 000 [59 000-79 000]","67 000 [58 000-76 000]","65 000 [57 000-75 000]","65 000 [56 000-75 000]","65 000 [56 000-75 000]","65 000 [56 000-75 000]","65 000 [55 000-75 000]","64 000 [54 000-74 000]","63 000 [53 000-73 000]","61 000 [52 000-72 000]","59 000 [51 000-70 000]"
"Bhutan","1300 [<500-3100]","1300 [<500-3100]","1300 [<500-2900]","1300 [<500-2800]","1300 [<500-2800]","1200 [<500-2800]","1200 [<500-2800]","1200 [<500-2700]","1200 [<500-2700]","1200 [<500-2700]","1200 [<500-2600]","1100 [<500-2500]","1100 [<500-2400]","1000 [<500-2300]","1000 [<500-2100]","940 [<500-1900]","860 [<200-1700]","780 [<200-1500]","680 [<200-1300]","570 [<200-1100]","<500 [<200-950]"
"Bolivia (Plurinational State of)","17 000 [15 000-20 000]","17 000 [14 000-20 000]","16 000 [14 000-19 000]","15 000 [13 000-18 000]","15 000 [12 000-17 000]","14 000 [12 000-16 000]","13 000 [11 000-16 000]","13 000 [11 000-15 000]","12 000 [10 000-14 000]","12 000 [10 000-14 000]","12 000 [9900-14 000]","11 000 [9600-14 000]","11 000 [9300-13 000]","11 000 [9000-13 000]","10 000 [8700-13 000]","10 000 [8400-13 000]","9900 [8100-13 000]","9600 [7800-13 000]","9300 [7500-13 000]","9000 [7200-12 000]","8600 [6800-12 000]"
"Bosnia and Herzegovina","No data","No data","No data","No data","No data","No data","No data","No data","No data","No data","No data","No data","No data","No data","No data","No data","No data","No data","No data","No data","No data"
"Botswana","370 000 [350 000-400 000]","370 000 [350 000-400 000]","370 000 [350 000-390 000]","370 000 [340 000-390 000]","360 000 [340 000-390 000]","360 000 [340 000-380 000]","350 000 [330 000-380 000]","350 000 [330 000-370 000]","340 000 [330 000-370 000]","340 000 [320 000-360 000]","330 000 [310 000-350 000]","320 000 [310 000-350 000]","320 000 [300 000-340 000]","310 000 [300 000-330 000]","300 000 [290 000-330 000]","300 000 [290 000-320 000]","300 000 [280 000-320 000]","290 000 [280 000-320 000]","290 000 [280 000-310 000]","290 000 [270 000-310 000]","280 000 [260 000-300 000]"
"Brazil","930 000 [450 000-1 400 000]","900 000 [440 000-1 300 000]","870 000 [420 000-1 300 000]","840 000 [410 000-1 200 000]","810 000 [400 000-1 200 000]","790 000 [380 000-1 100 000]","760 000 [370 000-1 100 000]","730 000 [350 000-1 100 000]","700 000 [340 000-1 000 000]","670 000 [330 000-980 000]","640 000 [310 000-940 000]","610 000 [300 000-900 000]","580 000 [280 000-850 000]","550 000 [270 000-810 000]","530 000 [250 000-770 000]","500 000 [240 000-720 000]","470 000 [220 000-680 000]","440 000 [210 000-640 000]","410 000 [200 000-600 000]","380 000 [180 000-550 000]","350 000 [170 000-510 000]"
"Brunei Darussalam","No data","No data","No data","No data","No data","No data","No data","No data","No data","No data","No data","No data","No data","No data","No data","No data","No data","No data","No data","No data","No data"
"Bulgaria","No data","No data","No data","No data","No data","No data","No data","No data","No data","No data","No data","No data","No data","No data","No data","No data","No data","No data","No data","No data","No data"
"Burkina Faso","97 000 [81 000-110 000]","99 000 [83 000-110 000]","100 000 [85 000-120 000]","100 000 [87 000-120 000]","110 000 [90 000-120 000]","110 000 [93 000-130 000]","110 000 [96 000-130 000]","120 000 [98 000-130 000]","120 000 [100 000-140 000]","120 000 [100 000-140 000]","120 000 [100 000-140 000]","120 000 [100 000-140 000]","130 000 [110 000-150 000]","130 000 [110 000-150 000]","130 000 [110 000-160 000]","140 000 [110 000-160 000]","140 000 [120 000-170 000]","150 000 [120 000-170 000]","150 000 [130 000-180 000]","160 000 [130 000-190 000]","160 000 [130 000-200 000]"
"Burundi","83 000 [73 000-95 000]","83 000 [74 000-95 000]","84 000 [75 000-95 000]","85 000 [76 000-96 000]","86 000 [77 000-97 000]","87 000 [78 000-98 000]","88 000 [80 000-99 000]","90 000 [81 000-100 000]","91 000 [83 000-100 000]","93 000 [85 000-110 000]","95 000 [86 000-110 000]","98 000 [88 000-110 000]","100 000 [90 000-110 000]","100 000 [93 000-120 000]","110 000 [96 000-120 000]","110 000 [99 000-130 000]","120 000 [100 000-130 000]","120 000 [110 000-140 000]","130 000 [110 000-140 000]","130 000 [110 000-150 000]","140 000 [120 000-160 000]"
"Cabo Verde","2400 [2000-2900]","2300 [2000-2800]","2300 [2000-2700]","2200 [1900-2600]","2200 [1900-2500]","2100 [1800-2400]","2100 [1800-2400]","2000 [1800-2400]","2000 [1700-2400]","1900 [1600-2300]","1900 [1600-2300]","1800 [1500-2300]","1800 [1500-2400]","1700 [1400-2400]","1700 [1400-2500]","1700 [1300-2500]","1700 [1300-2500]","1600 [1300-2400]","1600 [1200-2400]","1600 [1200-2400]","1500 [1100-2300]"
"Cambodia","75 000 [67 000-83 000]","76 000 [68 000-83 000]","76 000 [68 000-84 000]","77 000 [69 000-85 000]","78 000 [70 000-86 000]","79 000 [70 000-87 000]","80 000 [71 000-88 000]","80 000 [72 000-89 000]","81 000 [72 000-90 000]","81 000 [73 000-90 000]","82 000 [73 000-91 000]","82 000 [73 000-91 000]","81 000 [72 000-91 000]","81 000 [72 000-91 000]","82 000 [72 000-92 000]","82 000 [72 000-92 000]","83 000 [73 000-93 000]","83 000 [73 000-94 000]","83 000 [73 000-95 000]","83 000 [72 000-94 000]","80 000 [70 000-92 000]"
"Cameroon","500 000 [470 000-540 000]","500 000 [470 000-540 000]","500 000 [470 000-540 000]","510 000 [470 000-550 000]","510 000 [480 000-550 000]","520 000 [490 000-560 000]","520 000 [490 000-560 000]","520 000 [490 000-570 000]","520 000 [490 000-570 000]","520 000 [490 000-570 000]","520 000 [490 000-570 000]","520 000 [480 000-570 000]","510 000 [470 000-560 000]","500 000 [470 000-550 000]","500 000 [460 000-550 000]","490 000 [450 000-540 000]","480 000 [440 000-520 000]","460 000 [430 000-510 000]","450 000 [410 000-490 000]","420 000 [390 000-470 000]","390 000 [360 000-440 000]"
"Canada","No data","No data","62 000 [53 000-73 000]","60 000 [51 000-70 000]","58 000 [50 000-68 000]","57 000 [48 000-65 000]","55 000 [47 000-63 000]","54 000 [45 000-62 000]","53 000 [45 000-61 000]","52 000 [44 000-60 000]","50 000 [42 000-58 000]","49 000 [41 000-57 000]","48 000 [40 000-55 000]","46 000 [39 000-54 000]","45 000 [38 000-52 000]","43 000 [36 000-50 000]","42 000 [35 000-49 000]","40 000 [33 000-46 000]","38 000 [31 000-44 000]","36 000 [30 000-43 000]","35 000 [29 000-41 000]"
"Central African Republic","88 000 [73 000-110 000]","90 000 [74 000-110 000]","92 000 [76 000-110 000]","94 000 [78 000-110 000]","96 000 [81 000-110 000]","100 000 [84 000-120 000]","100 000 [88 000-120 000]","110 000 [93 000-130 000]","110 000 [98 000-130 000]","120 000 [100 000-140 000]","120 000 [110 000-140 000]","130 000 [110 000-150 000]","130 000 [110 000-150 000]","140 000 [120 000-160 000]","140 000 [120 000-160 000]","140 000 [120 000-170 000]","150 000 [120 000-180 000]","150 000 [130 000-180 000]","150 000 [130 000-180 000]","150 000 [130 000-180 000]","150 000 [130 000-190 000]"
"Chad","110 000 [90 000-130 000]","110 000 [91 000-130 000]","110 000 [93 000-130 000]","110 000 [93 000-130 000]","110 000 [92 000-130 000]","110 000 [91 000-130 000]","110 000 [90 000-130 000]","110 000 [90 000-130 000]","110 000 [89 000-130 000]","110 000 [88 000-130 000]","110 000 [87 000-130 000]","110 000 [85 000-130 000]","100 000 [84 000-130 000]","100 000 [82 000-130 000]","100 000 [81 000-130 000]","100 000 [81 000-130 000]","100 000 [80 000-130 000]","100 000 [79 000-130 000]","100 000 [77 000-130 000]","98 000 [76 000-120 000]","96 000 [73 000-120 000]"
"Chile","77 000 [68 000-86 000]","73 000 [64 000-80 000]","68 000 [60 000-75 000]","63 000 [56 000-69 000]","58 000 [52 000-64 000]","54 000 [48 000-59 000]","49 000 [44 000-54 000]","46 000 [41 000-50 000]","42 000 [38 000-46 000]","39 000 [35 000-43 000]","36 000 [32 000-40 000]","34 000 [30 000-37 000]","32 000 [28 000-34 000]","30 000 [27 000-32 000]","28 000 [25 000-31 000]","27 000 [24 000-29 000]","25 000 [23 000-28 000]","24 000 [22 000-27 000]","23 000 [20 000-25 000]","21 000 [19 000-23 000]","19 000 [17 000-21 000]"
"China","No data","No data","No data","No data","No data","No data","No data","No data","No data","No data","No data","No data","No data","No data","No data","No data","No data","No data","No data","No data","No data"
"Colombia","180 000 [150 000-220 000]","180 000 [140 000-220 000]","170 000 [140 000-210 000]","160 000 [130 000-200 000]","160 000 [130 000-190 000]","150 000 [120 000-180 000]","140 000 [120 000-180 000]","140 000 [110 000-170 000]","130 000 [110 000-160 000]","130 000 [100 000-160 000]","120 000 [100 000-150 000]","120 000 [98 000-150 000]","120 000 [95 000-140 000]","120 000 [92 000-140 000]","110 000 [90 000-140 000]","110 000 [88 000-130 000]","110 000 [86 000-130 000]","110 000 [85 000-130 000]","100 000 [83 000-130 000]","98 000 [78 000-120 000]","94 000 [74 000-110 000]"
"Comoros","<200 [<100-<500]","<200 [<100-<500]","<200 [<100-<500]","<200 [<100-<500]","<200 [<100-<500]","<200 [<100-<500]","<200 [<100-<500]","<200 [<100-<500]","<200 [<100-<500]","<200 [<100-<500]","<200 [<100-<500]","<200 [<100-<500]","<200 [<100-<500]","<200 [<100-<500]","<100 [<100-<500]","<100 [<100-<200]","<100 [<100-<200]","<100 [<100-<200]","<100 [<100-<200]","<100 [<100-<200]","<100 [<100-<200]"
"Congo","110 000 [80 000-170 000]","110 000 [79 000-160 000]","110 000 [78 000-140 000]","100 000 [77 000-130 000]","100 000 [77 000-120 000]","98 000 [76 000-120 000]","95 000 [77 000-110 000]","93 000 [77 000-110 000]","92 000 [76 000-110 000]","90 000 [76 000-100 000]","88 000 [76 000-100 000]","87 000 [76 000-98 000]","86 000 [75 000-96 000]","85 000 [75 000-95 000]","84 000 [75 000-94 000]","84 000 [74 000-94 000]","84 000 [74 000-95 000]","84 000 [74 000-96 000]","84 000 [74 000-98 000]","84 000 [73 000-99 000]","85 000 [73 000-100 000]"
"Costa Rica","16 000 [14 000-17 000]","14 000 [13 000-16 000]","13 000 [12 000-14 000]","12 000 [11 000-13 000]","11 000 [9900-12 000]","10 000 [9200-11 000]","9200 [8500-9900]","8600 [8000-9200]","8000 [7400-8600]","7500 [6900-8000]","7000 [6500-7600]","6600 [6100-7100]","6200 [5700-6700]","5800 [5400-6300]","5500 [5000-5900]","5100 [4700-5500]","4800 [4400-5100]","4400 [4000-4800]","4100 [3700-4400]","3700 [3400-4000]","3400 [3200-3700]"
"CÃ´te d'Ivoire","380 000 [340 000-430 000]","390 000 [340 000-440 000]","400 000 [350 000-450 000]","410 000 [360 000-460 000]","420 000 [370 000-480 000]","430 000 [380 000-490 000]","440 000 [390 000-510 000]","460 000 [410 000-530 000]","470 000 [420 000-540 000]","480 000 [430 000-560 000]","500 000 [440 000-580 000]","510 000 [460 000-590 000]","530 000 [470 000-610 000]","550 000 [490 000-630 000]","580 000 [520 000-660 000]","600 000 [540 000-680 000]","630 000 [560 000-710 000]","650 000 [590 000-750 000]","680 000 [600 000-770 000]","700 000 [620 000-790 000]","710 000 [630 000-810 000]"
"Croatia","1700 [1400-2000]","1600 [1300-1900]","1600 [1300-1900]","1500 [1200-1800]","1500 [1200-1700]","1400 [1100-1600]","1300 [1100-1500]","1300 [1000-1500]","1200 [990-1400]","1100 [930-1300]","1100 [880-1200]","1000 [820-1100]","940 [770-1100]","870 [720-1000]","810 [670-940]","750 [610-880]","690 [560-810]","630 [510-740]","570 [<500-670]","510 [<500-610]","<500 [<500-550]"
"Cuba","33 000 [29 000-36 000]","32 000 [28 000-35 000]","30 000 [27 000-33 000]","29 000 [26 000-31 000]","27 000 [25 000-30 000]","26 000 [23 000-28 000]","24 000 [22 000-26 000]","23 000 [20 000-24 000]","21 000 [19 000-23 000]","19 000 [17 000-21 000]","17 000 [16 000-19 000]","16 000 [14 000-17 000]","14 000 [13 000-15 000]","12 000 [11 000-14 000]","11 000 [9800-12 000]","9300 [8400-10 000]","7900 [7100-8600]","6500 [5800-7200]","5300 [4700-5900]","4300 [3800-4800]","3500 [3100-3900]"
"Cyprus","No data","No data","No data","No data","No data","No data","No data","No data","No data","No data","No data","No data","No data","No data","No data","No data","No data","No data","No data","No data","No data"
"Czechia","No data","No data","No data","No data","No data","No data","No data","No data","No data","No data","No data","No data","No data","No data","No data","No data","No data","No data","No data","No data","No data"
"Democratic People's Republic of Korea","No data","No data","No data","No data","No data","No data","No data","No data","No data","No data","No data","No data","No data","No data","No data","No data","No data","No data","No data","No data","No data"
"Democratic Republic of the Congo","510 000 [430 000-580 000]","510 000 [430 000-580 000]","500 000 [430 000-570 000]","500 000 [430 000-570 000]","500 000 [430 000-570 000]","510 000 [430 000-580 000]","510 000 [440 000-580 000]","520 000 [450 000-590 000]","530 000 [460 000-600 000]","530 000 [460 000-600 000]","540 000 [470 000-610 000]","540 000 [470 000-620 000]","550 000 [480 000-630 000]","560 000 [480 000-640 000]","560 000 [490 000-640 000]","570 000 [490 000-650 000]","580 000 [490 000-650 000]","580 000 [500 000-650 000]","590 000 [500 000-660 000]","590 000 [500 000-660 000]","580 000 [500 000-660 000]"
"Denmark","6700 [5400-7900]","6600 [5300-7900]","6500 [5300-7800]","6500 [5200-7700]","6400 [5100-7500]","6200 [5000-7300]","6100 [4900-7200]","6000 [4800-7000]","5800 [4700-6700]","5600 [4500-6600]","5400 [4400-6300]","5300 [4200-6100]","5100 [4100-5900]","4900 [4000-5700]","4700 [3900-5400]","4500 [3700-5200]","4300 [3600-5000]","4200 [3500-4800]","4000 [3300-4500]","3800 [3200-4300]","3600 [3000-4100]"
"Djibouti","6800 [5000-9000]","7100 [5100-9400]","7300 [5300-9800]","7600 [5500-10 000]","8000 [5700-11 000]","8300 [6000-11 000]","8800 [6300-12 000]","9300 [6700-12 000]","9800 [7200-13 000]","10 000 [7600-14 000]","11 000 [8200-14 000]","12 000 [8700-15 000]","12 000 [9100-16 000]","13 000 [9500-16 000]","13 000 [9800-17 000]","14 000 [10 000-17 000]","14 000 [11 000-18 000]","15 000 [11 000-18 000]","15 000 [11 000-19 000]","15 000 [10 000-19 000]","14 000 [8100-19 000]"
"Dominican Republic","75 000 [61 000-93 000]","74 000 [61 000-93 000]","73 000 [60 000-93 000]","73 000 [59 000-93 000]","72 000 [58 000-93 000]","72 000 [58 000-93 000]","72 000 [57 000-94 000]","72 000 [57 000-94 000]","73 000 [57 000-97 000]","73 000 [56 000-98 000]","74 000 [56 000-100 000]","76 000 [57 000-100 000]","77 000 [58 000-110 000]","79 000 [59 000-110 000]","82 000 [61 000-110 000]","85 000 [63 000-120 000]","88 000 [66 000-120 000]","91 000 [68 000-130 000]","92 000 [70 000-130 000]","93 000 [70 000-130 000]","92 000 [70 000-130 000]"
"Ecuador","45 000 [31 000-67 000]","44 000 [30 000-65 000]","42 000 [29 000-63 000]","40 000 [28 000-60 000]","39 000 [27 000-57 000]","37 000 [26 000-55 000]","36 000 [25 000-53 000]","35 000 [25 000-52 000]","34 000 [24 000-51 000]","32 000 [23 000-49 000]","31 000 [22 000-47 000]","29 000 [21 000-45 000]","28 000 [20 000-43 000]","27 000 [20 000-41 000]","26 000 [19 000-39 000]","25 000 [18 000-37 000]","24 000 [17 000-35 000]","23 000 [16 000-33 000]","21 000 [14 000-32 000]","20 000 [13 000-32 000]","18 000 [11 000-30 000]"
"Egypt","24 000 [21 000-26 000]","21 000 [19 000-22 000]","18 000 [16 000-20 000]","16 000 [14 000-17 000]","14 000 [12 000-15 000]","12 000 [10 000-13 000]","10 000 [8800-11 000]","8600 [7300-9800]","7400 [6200-8600]","6300 [5200-7400]","5400 [4400-6400]","4600 [3600-5500]","3900 [3000-4700]","3300 [2500-4100]","2800 [2100-3500]","2300 [1700-3000]","2000 [1400-2500]","1700 [1200-2200]","1400 [960-1900]","1200 [800-1600]","1000 [660-1400]"
"El Salvador","25 000 [23 000-27 000]","25 000 [23 000-27 000]","25 000 [23 000-27 000]","25 000 [23 000-27 000]","25 000 [23 000-26 000]","24 000 [22 000-26 000]","24 000 [22 000-25 000]","23 000 [21 000-25 000]","22 000 [20 000-24 000]","22 000 [20 000-23 000]","21 000 [19 000-22 000]","20 000 [18 000-21 000]","19 000 [17 000-20 000]","18 000 [16 000-19 000]","17 000 [15 000-18 000]","16 000 [15 000-17 000]","15 000 [14 000-16 000]","14 000 [13 000-15 000]","13 000 [12 000-14 000]","12 000 [11 000-13 000]","11 000 [9800-12 000]"
"Equatorial Guinea","68 000 [52 000-94 000]","65 000 [50 000-87 000]","62 000 [49 000-81 000]","58 000 [47 000-75 000]","55 000 [45 000-69 000]","52 000 [43 000-63 000]","48 000 [40 000-59 000]","45 000 [37 000-54 000]","41 000 [34 000-50 000]","38 000 [31 000-46 000]","34 000 [28 000-42 000]","31 000 [25 000-38 000]","28 000 [23 000-35 000]","25 000 [20 000-32 000]","23 000 [18 000-29 000]","20 000 [16 000-26 000]","18 000 [14 000-23 000]","16 000 [12 000-22 000]","15 000 [10 000-20 000]","13 000 [8900-18 000]","11 000 [7600-16 000]"
"Eritrea","13 000 [9600-16 000]","13 000 [9700-17 000]","13 000 [9900-17 000]","13 000 [10 000-17 000]","14 000 [10 000-18 000]","14 000 [11 000-18 000]","14 000 [11 000-19 000]","15 000 [11 000-19 000]","15 000 [12 000-20 000]","16 000 [12 000-21 000]","16 000 [13 000-21 000]","17 000 [13 000-22 000]","18 000 [14 000-23 000]","18 000 [14 000-24 000]","19 000 [14 000-24 000]","20 000 [15 000-25 000]","20 000 [15 000-26 000]","20 000 [15 000-26 000]","20 000 [15 000-26 000]","20 000 [14 000-25 000]","19 000 [14 000-24 000]"
"Estonia","7100 [6200-7900]","7000 [6200-7800]","6900 [6100-7600]","6700 [6000-7400]","6600 [5800-7200]","6500 [5700-7100]","6300 [5500-7000]","6200 [5400-6800]","6000 [5200-6600]","5800 [5000-6400]","5600 [4900-6300]","5400 [4700-6000]","5200 [4500-5800]","4900 [4200-5500]","4600 [3900-5100]","4200 [3600-4700]","3800 [3300-4200]","3200 [2700-3600]","2400 [2000-2800]","1500 [1200-1800]","<500 [<200-<500]"
"Eswatini","200 000 [190 000-220 000]","200 000 [190 000-220 000]","200 000 [190 000-210 000]","200 000 [190 000-210 000]","200 000 [190 000-210 000]","200 000 [180 000-210 000]","190 000 [180 000-200 000]","190 000 [180 000-200 000]","180 000 [170 000-190 000]","180 000 [170 000-190 000]","170 000 [170 000-180 000]","170 000 [160 000-180 000]","160 000 [160 000-180 000]","160 000 [150 000-170 000]","150 000 [150 000-160 000]","150 000 [140 000-160 000]","150 000 [140 000-150 000]","140 000 [130 000-150 000]","130 000 [120 000-140 000]","130 000 [120 000-140 000]","120 000 [110 000-130 000]"
"Ethiopia","620 000 [500 000-760 000]","630 000 [510 000-770 000]","630 000 [510 000-770 000]","640 000 [510 000-780 000]","640 000 [520 000-780 000]","640 000 [520 000-780 000]","640 000 [520 000-790 000]","640 000 [520 000-790 000]","650 000 [520 000-790 000]","650 000 [520 000-790 000]","650 000 [520 000-790 000]","650 000 [520 000-790 000]","660 000 [530 000-800 000]","670 000 [540 000-810 000]","690 000 [550 000-840 000]","710 000 [570 000-870 000]","740 000 [590 000-900 000]","760 000 [620 000-930 000]","790 000 [640 000-960 000]","810 000 [650 000-990 000]","830 000 [670 000-1 000 000]"
"Fiji","1300 [790-2500]","1200 [750-2200]","1100 [700-2000]","960 [660-1800]","880 [620-1600]","800 [580-1400]","720 [530-1200]","650 [<500-1000]","580 [<500-980]","530 [<500-940]","<500 [<500-920]","<500 [<500-890]","<500 [<500-890]","<500 [<500-930]","<500 [<500-970]","<500 [<200-950]","<500 [<200-880]","<200 [<200-890]","<200 [<200-890]","<200 [<200-740]","<200 [<100-580]"
"Finland","No data","No data","No data","No data","No data","No data","No data","No data","No data","No data","No data","No data","No data","No data","No data","No data","No data","No data","No data","No data","No data"
"France","No data","No data","No data","No data","No data","No data","No data","No data","No data","No data","No data","No data","No data","No data","No data","No data","No data","No data","No data","No data","No data"
"Gabon","46 000 [38 000-56 000]","47 000 [38 000-56 000]","47 000 [38 000-56 000]","47 000 [39 000-56 000]","47 000 [39 000-56 000]","47 000 [39 000-56 000]","47 000 [39 000-56 000]","47 000 [39 000-56 000]","46 000 [38 000-55 000]","46 000 [38 000-56 000]","45 000 [37 000-56 000]","45 000 [36 000-56 000]","44 000 [35 000-56 000]","43 000 [34 000-55 000]","43 000 [33 000-55 000]","42 000 [32 000-55 000]","41 000 [31 000-55 000]","41 000 [30 000-55 000]","40 000 [29 000-55 000]","39 000 [28 000-54 000]","37 000 [26 000-52 000]"
"Gambia","27 000 [21 000-35 000]","27 000 [21 000-34 000]","26 000 [21 000-33 000]","25 000 [20 000-32 000]","25 000 [20 000-31 000]","24 000 [20 000-30 000]","24 000 [19 000-29 000]","23 000 [19 000-28 000]","22 000 [18 000-27 000]","22 000 [17 000-26 000]","21 000 [17 000-26 000]","20 000 [16 000-25 000]","20 000 [15 000-24 000]","19 000 [15 000-23 000]","18 000 [14 000-22 000]","17 000 [13 000-21 000]","16 000 [13 000-20 000]","15 000 [12 000-19 000]","14 000 [11 000-18 000]","13 000 [9600-16 000]","11 000 [8500-14 000]"
"Georgia","8400 [7300-9300]","7800 [7000-8700]","7300 [6700-8000]","6800 [6200-7400]","6200 [5800-6800]","5700 [5300-6200]","5200 [4800-5600]","4600 [4300-5100]","4100 [3800-4500]","3600 [3300-3900]","3100 [2800-3400]","2600 [2300-2900]","2200 [1900-2400]","1800 [1500-2000]","1400 [1200-1600]","1000 [870-1200]","750 [620-890]","510 [<500-610]","<500 [<500-<500]","<200 [<200-<500]","<200 [<100-<200]"
"Germany","93 000 [72 000-110 000]","91 000 [71 000-110 000]","89 000 [69 000-100 000]","87 000 [67 000-100 000]","84 000 [66 000-99 000]","82 000 [64 000-96 000]","80 000 [62 000-93 000]","77 000 [60 000-90 000]","75 000 [58 000-87 000]","72 000 [56 000-85 000]","70 000 [55 000-82 000]","69 000 [53 000-80 000]","66 000 [52 000-77 000]","64 000 [50 000-74 000]","61 000 [48 000-71 000]","59 000 [46 000-68 000]","56 000 [44 000-65 000]","54 000 [42 000-62 000]","51 000 [40 000-60 000]","49 000 [39 000-57 000]","48 000 [38 000-55 000]"
"Ghana","350 000 [300 000-410 000]","340 000 [300 000-400 000]","340 000 [300 000-390 000]","340 000 [290 000-390 000]","330 000 [290 000-380 000]","330 000 [290 000-380 000]","320 000 [280 000-380 000]","320 000 [280 000-370 000]","320 000 [280 000-370 000]","310 000 [270 000-360 000]","310 000 [270 000-360 000]","310 000 [270 000-350 000]","300 000 [270 000-350 000]","300 000 [270 000-350 000]","300 000 [270 000-350 000]","300 000 [260 000-350 000]","300 000 [260 000-350 000]","300 000 [260 000-340 000]","290 000 [260 000-340 000]","290 000 [260 000-330 000]","280 000 [250 000-320 000]"
"Greece","17 000 [15 000-18 000]","16 000 [15 000-17 000]","15 000 [14 000-16 000]","15 000 [14 000-16 000]","14 000 [13 000-15 000]","14 000 [13 000-15 000]","14 000 [13 000-15 000]","13 000 [12 000-14 000]","12 000 [12 000-13 000]","12 000 [11 000-12 000]","11 000 [9800-11 000]","9500 [8700-10 000]","8500 [7800-9200]","7600 [6900-8300]","6900 [6200-7600]","6400 [5700-7000]","6000 [5300-6600]","5600 [5000-6200]","5200 [4600-5800]","4900 [4300-5400]","4600 [4000-5100]"
"Guatemala","33 000 [28 000-43 000]","33 000 [28 000-43 000]","34 000 [28 000-43 000]","34 000 [28 000-44 000]","34 000 [28 000-45 000]","35 000 [28 000-46 000]","35 000 [28 000-46 000]","35 000 [28 000-46 000]","35 000 [28 000-46 000]","35 000 [28 000-45 000]","34 000 [27 000-44 000]","34 000 [27 000-43 000]","33 000 [27 000-41 000]","32 000 [26 000-39 000]","31 000 [25 000-37 000]","30 000 [25 000-36 000]","29 000 [23 000-34 000]","27 000 [22 000-32 000]","26 000 [21 000-31 000]","24 000 [19 000-30 000]","23 000 [17 000-29 000]"
"Guinea","110 000 [110 000-120 000]","110 000 [110 000-120 000]","110 000 [110 000-120 000]","110 000 [100 000-120 000]","110 000 [100 000-110 000]","100 000 [99 000-110 000]","100 000 [97 000-110 000]","99 000 [94 000-110 000]","97 000 [93 000-100 000]","95 000 [90 000-100 000]","92 000 [88 000-98 000]","90 000 [86 000-95 000]","87 000 [84 000-93 000]","85 000 [82 000-90 000]","83 000 [80 000-88 000]","81 000 [78 000-86 000]","80 000 [76 000-84 000]","78 000 [75 000-83 000]","76 000 [73 000-80 000]","74 000 [70 000-78 000]","70 000 [67 000-74 000]"
"Guinea-Bissau","37 000 [33 000-41 000]","38 000 [34 000-42 000]","38 000 [34 000-42 000]","38 000 [34 000-42 000]","38 000 [34 000-42 000]","38 000 [34 000-42 000]","38 000 [34 000-42 000]","38 000 [34 000-42 000]","37 000 [33 000-42 000]","37 000 [33 000-41 000]","36 000 [32 000-41 000]","35 000 [32 000-40 000]","34 000 [31 000-39 000]","34 000 [30 000-38 000]","33 000 [29 000-37 000]","32 000 [28 000-36 000]","30 000 [27 000-34 000]","29 000 [26 000-33 000]","27 000 [24 000-31 000]","25 000 [22 000-28 000]","22 000 [19 000-25 000]"
"Guyana","9000 [8100-10 000]","8800 [8000-9800]","8700 [7900-9700]","8600 [7800-9500]","8400 [7700-9200]","8200 [7500-9000]","8000 [7300-8800]","7800 [7100-8500]","7600 [6900-8300]","7300 [6600-8000]","7100 [6400-7800]","6800 [6000-7500]","6400 [5700-7200]","6100 [5300-6800]","5600 [4900-6400]","5200 [4400-5900]","4700 [3900-5500]","4100 [3400-4900]","3600 [2800-4400]","3000 [2200-3800]","2400 [1700-3200]"
"Haiti","150 000 [140 000-170 000]","150 000 [130 000-170 000]","150 000 [130 000-170 000]","150 000 [130 000-160 000]","150 000 [130 000-160 000]","150 000 [130 000-160 000]","140 000 [130 000-160 000]","140 000 [130 000-160 000]","140 000 [130 000-160 000]","140 000 [130 000-160 000]","140 000 [120 000-160 000]","140 000 [120 000-160 000]","140 000 [120 000-160 000]","140 000 [120 000-160 000]","140 000 [120 000-160 000]","140 000 [120 000-160 000]","140 000 [130 000-160 000]","140 000 [130 000-170 000]","140 000 [130 000-170 000]","150 000 [130 000-170 000]","150 000 [130 000-180 000]"
"Honduras","22 000 [20 000-26 000]","22 000 [20 000-26 000]","22 000 [20 000-26 000]","23 000 [20 000-26 000]","23 000 [20 000-26 000]","23 000 [20 000-26 000]","23 000 [21 000-26 000]","24 000 [21 000-27 000]","24 000 [21 000-27 000]","24 000 [22 000-27 000]","25 000 [22 000-28 000]","26 000 [22 000-29 000]","26 000 [23 000-30 000]","27 000 [23 000-31 000]","28 000 [24 000-32 000]","29 000 [25 000-33 000]","30 000 [26 000-34 000]","31 000 [27 000-36 000]","32 000 [28 000-38 000]","34 000 [29 000-39 000]","35 000 [29 000-41 000]"
"Hungary","No data","No data","No data","No data","No data","No data","No data","No data","No data","No data","No data","No data","No data","No data","No data","No data","No data","No data","No data","No data","No data"
"Iceland","<500 [<500-<500]","<500 [<500-<500]","<500 [<500-<500]","<500 [<500-<500]","<500 [<500-<500]","<500 [<500-<500]","<500 [<500-<500]","<500 [<500-<500]","<500 [<500-<500]","<500 [<200-<500]","<500 [<200-<500]","<500 [<200-<500]","<200 [<200-<500]","<200 [<200-<500]","<200 [<200-<500]","<200 [<200-<200]","<200 [<200-<200]","<200 [<200-<200]","<200 [<100-<200]","<200 [<100-<200]","<200 [<100-<200]"
"India","2 300 000 [1 600 000-2 900 000]","2 300 000 [1 600 000-2 900 000]","2 400 000 [1 600 000-3 000 000]","2 400 000 [1 600 000-3 000 000]","2 400 000 [1 600 000-3 100 000]","2 400 000 [1 600 000-3 100 000]","2 500 000 [1 600 000-3 200 000]","2 500 000 [1 700 000-3 300 000]","2 600 000 [1 700 000-3 400 000]","2 700 000 [1 700 000-3 500 000]","2 700 000 [1 700 000-3 600 000]","2 800 000 [1 800 000-3 800 000]","2 900 000 [1 800 000-3 900 000]","3 000 000 [1 900 000-4 100 000]","3 200 000 [1 900 000-4 300 000]","3 300 000 [2 000 000-4 500 000]","3 400 000 [2 100 000-4 700 000]","3 600 000 [2 100 000-4 800 000]","3 600 000 [2 200 000-4 900 000]","3 600 000 [2 200 000-4 900 000]","3 600 000 [2 200 000-4 800 000]"
"Indonesia","540 000 [510 000-570 000]","540 000 [510 000-570 000]","540 000 [510 000-560 000]","530 000 [500 000-560 000]","520 000 [500 000-550 000]","510 000 [490 000-540 000]","500 000 [470 000-520 000]","480 000 [460 000-500 000]","450 000 [430 000-480 000]","430 000 [410 000-450 000]","390 000 [380 000-410 000]","360 000 [340 000-380 000]","320 000 [310 000-340 000]","280 000 [270 000-300 000]","240 000 [230 000-250 000]","200 000 [190 000-210 000]","160 000 [160 000-170 000]","130 000 [120 000-130 000]","91 000 [87 000-95 000]","58 000 [55 000-61 000]","38 000 [36 000-40 000]"
"Iran (Islamic Republic of)","54 000 [39 000-130 000]","55 000 [40 000-120 000]","56 000 [40 000-120 000]","58 000 [42 000-110 000]","60 000 [44 000-110 000]","62 000 [46 000-110 000]","64 000 [49 000-110 000]","66 000 [51 000-110 000]","68 000 [53 000-100 000]","69 000 [54 000-100 000]","70 000 [55 000-100 000]","70 000 [56 000-100 000]","69 000 [54 000-100 000]","66 000 [51 000-96 000]","61 000 [46 000-91 000]","55 000 [39 000-85 000]","46 000 [32 000-77 000]","38 000 [24 000-69 000]","29 000 [18 000-59 000]","22 000 [13 000-49 000]","16 000 [8600-42 000]"
"Iraq","No data","No data","No data","No data","No data","No data","No data","No data","No data","No data","No data","No data","No data","No data","No data","No data","No data","No data","No data","No data","No data"
"Ireland","7800 [6300-9800]","7500 [6100-9200]","7100 [5900-8600]","6800 [5700-8100]","6400 [5400-7500]","6100 [5200-7100]","5800 [5000-6600]","5500 [4700-6300]","5200 [4500-5900]","4900 [4300-5500]","4600 [4000-5100]","4200 [3700-4800]","3900 [3500-4400]","3600 [3200-4000]","3300 [2900-3700]","3000 [2600-3400]","2700 [2400-3100]","2500 [2200-2800]","2200 [2000-2500]","2000 [1800-2300]","1800 [1600-2000]"
"Israel","No data","No data","No data","No data","No data","No data","No data","No data","No data","No data","No data","No data","No data","No data","No data","No data","No data","No data","No data","No data","No data"
"Italy","140 000 [120 000-150 000]","140 000 [120 000-150 000]","130 000 [120 000-150 000]","130 000 [110 000-150 000]","130 000 [110 000-150 000]","130 000 [110 000-140 000]","120 000 [110 000-140 000]","120 000 [100 000-130 000]","120 000 [100 000-130 000]","110 000 [99 000-130 000]","110 000 [95 000-120 000]","110 000 [92 000-120 000]","100 000 [89 000-110 000]","98 000 [85 000-110 000]","94 000 [81 000-100 000]","90 000 [78 000-98 000]","85 000 [74 000-93 000]","81 000 [70 000-88 000]","76 000 [66 000-84 000]","72 000 [62 000-79 000]","67 000 [58 000-74 000]"
"Jamaica","32 000 [26 000-45 000]","32 000 [26 000-44 000]","32 000 [26 000-43 000]","31 000 [25 000-43 000]","31 000 [25 000-42 000]","30 000 [25 000-42 000]","30 000 [24 000-41 000]","29 000 [24 000-40 000]","28 000 [23 000-40 000]","28 000 [23 000-39 000]","27 000 [22 000-38 000]","27 000 [22 000-37 000]","26 000 [21 000-37 000]","26 000 [21 000-36 000]","25 000 [21 000-35 000]","25 000 [20 000-34 000]","25 000 [20 000-34 000]","25 000 [20 000-33 000]","25 000 [20 000-33 000]","24 000 [19 000-32 000]","23 000 [19 000-31 000]"
"Japan","30 000 [25 000-35 000]","29 000 [24 000-34 000]","29 000 [24 000-34 000]","28 000 [23 000-33 000]","28 000 [23 000-32 000]","27 000 [22 000-31 000]","26 000 [21 000-30 000]","25 000 [20 000-29 000]","24 000 [20 000-28 000]","23 000 [19 000-26 000]","22 000 [18 000-25 000]","21 000 [17 000-24 000]","20 000 [16 000-23 000]","19 000 [15 000-21 000]","18 000 [14 000-20 000]","17 000 [13 000-19 000]","15 000 [12 000-18 000]","14 000 [11 000-17 000]","13 000 [10 000-15 000]","12 000 [9600-14 000]","11 000 [8700-13 000]"
"Jordan","930 [840-1000]","880 [800-960]","830 [750-910]","780 [710-860]","730 [670-800]","680 [630-750]","640 [580-700]","590 [540-650]","540 [<500-590]","<500 [<500-540]","<500 [<500-<500]","<500 [<500-<500]","<500 [<500-<500]","<500 [<500-<500]","<500 [<500-<500]","<500 [<500-<500]","<500 [<500-<500]","<500 [<500-<500]","<500 [<200-<500]","<200 [<200-<500]","<200 [<200-<200]"
"Kazakhstan","35 000 [23 000-46 000]","32 000 [21 000-42 000]","29 000 [19 000-38 000]","27 000 [17 000-35 000]","24 000 [16 000-31 000]","22 000 [14 000-28 000]","20 000 [13 000-26 000]","18 000 [12 000-24 000]","17 000 [11 000-22 000]","16 000 [10 000-21 000]","15 000 [9500-20 000]","13 000 [8500-18 000]","12 000 [7700-16 000]","11 000 [6900-15 000]","9900 [6200-13 000]","8900 [5600-12 000]","8000 [5000-11 000]","7100 [4400-9600]","6300 [3900-8400]","5400 [3400-7200]","4500 [2800-6100]"
"Kenya","1 400 000 [1 300 000-1 700 000]","1 400 000 [1 300 000-1 700 000]","1 400 000 [1 200 000-1 700 000]","1 400 000 [1 200 000-1 700 000]","1 400 000 [1 200 000-1 700 000]","1 400 000 [1 200 000-1 700 000]","1 400 000 [1 200 000-1 700 000]","1 400 000 [1 200 000-1 600 000]","1 400 000 [1 200 000-1 600 000]","1 400 000 [1 200 000-1 600 000]","1 400 000 [1 200 000-1 600 000]","1 400 000 [1 200 000-1 600 000]","1 400 000 [1 200 000-1 600 000]","1 400 000 [1 200 000-1 600 000]","1 400 000 [1 200 000-1 600 000]","1 400 000 [1 300 000-1 700 000]","1 500 000 [1 300 000-1 700 000]","1 500 000 [1 300 000-1 700 000]","1 500 000 [1 300 000-1 800 000]","1 500 000 [1 400 000-1 800 000]","1 600 000 [1 400 000-1 800 000]"
"Kuwait","No data","No data","No data","No data","No data","No data","No data","No data","No data","No data","No data","No data","No data","No data","No data","No data","No data","No data","No data","No data","No data"
"Kyrgyzstan","9200 [8400-9900]","8700 [7900-9400]","8100 [7400-8700]","7500 [7000-8100]","7000 [6500-7500]","6400 [6000-6900]","5900 [5500-6300]","5300 [5000-5700]","4800 [4600-5200]","4300 [4000-4600]","3800 [3500-4000]","3300 [2900-3600]","2700 [2400-3000]","2200 [1900-2500]","1700 [1400-2000]","1200 [950-1400]","770 [560-970]","<500 [<500-710]","<500 [<200-740]","<500 [<100-760]","<100 [<100-<100]"
"Lao People's Democratic Republic","15 000 [14 000-16 000]","15 000 [13 000-16 000]","14 000 [13 000-15 000]","14 000 [12 000-15 000]","13 000 [12 000-14 000]","12 000 [11 000-14 000]","12 000 [11 000-13 000]","11 000 [10 000-12 000]","10 000 [9500-11 000]","9800 [8900-11 000]","9000 [8200-9800]","8200 [7500-9000]","7400 [6700-8100]","6600 [6000-7300]","5900 [5300-6500]","5200 [4700-5700]","4500 [4100-5000]","3900 [3500-4300]","3200 [2900-3500]","2500 [2300-2800]","1900 [1700-2100]"
"Latvia","No data","No data","No data","No data","No data","No data","No data","No data","No data","No data","No data","No data","No data","No data","No data","No data","No data","No data","No data","No data","No data"
"Lebanon","2700 [2400-3100]","2700 [2400-3000]","2600 [2300-2900]","2500 [2200-2800]","2400 [2100-2600]","2200 [2000-2400]","2100 [1900-2300]","1900 [1700-2000]","1700 [1500-1800]","1500 [1400-1600]","1400 [1200-1500]","1300 [1200-1400]","1200 [1100-1300]","1100 [1000-1200]","1000 [930-1100]","940 [860-1000]","850 [780-940]","770 [700-860]","690 [630-780]","630 [570-700]","570 [520-640]"
"Lesotho","280 000 [260 000-310 000]","290 000 [270 000-320 000]","290 000 [270 000-320 000]","290 000 [270 000-320 000]","290 000 [270 000-330 000]","290 000 [270 000-330 000]","290 000 [270 000-330 000]","290 000 [270 000-330 000]","290 000 [270 000-320 000]","280 000 [260 000-320 000]","280 000 [260 000-310 000]","270 000 [250 000-300 000]","260 000 [250 000-300 000]","260 000 [240 000-290 000]","260 000 [240 000-290 000]","250 000 [230 000-280 000]","250 000 [230 000-270 000]","240 000 [220 000-270 000]","240 000 [220 000-260 000]","230 000 [210 000-250 000]","220 000 [190 000-240 000]"
"Liberia","35 000 [29 000-43 000]","35 000 [29 000-42 000]","35 000 [30 000-43 000]","36 000 [30 000-42 000]","36 000 [31 000-43 000]","37 000 [32 000-44 000]","38 000 [32 000-44 000]","38 000 [33 000-44 000]","39 000 [33 000-44 000]","39 000 [34 000-44 000]","39 000 [34 000-46 000]","40 000 [35 000-47 000]","40 000 [35 000-47 000]","40 000 [35 000-47 000]","40 000 [35 000-47 000]","41 000 [35 000-47 000]","41 000 [35 000-49 000]","42 000 [36 000-51 000]","43 000 [36 000-52 000]","44 000 [36 000-54 000]","44 000 [35 000-55 000]"
"Libya","6700 [6100-7400]","6400 [5900-7100]","6200 [5700-6800]","6000 [5600-6500]","5800 [5400-6300]","5700 [5300-6100]","5600 [5200-6000]","5600 [5200-6000]","5600 [5200-6000]","5600 [5200-6000]","5600 [5100-5900]","5400 [5000-5700]","5000 [4700-5400]","4600 [4200-5000]","4000 [3700-4400]","3400 [3100-3700]","2800 [2500-3100]","2200 [2000-2500]","1700 [1600-1900]","1400 [1200-1500]","1000 [910-1200]"
"Lithuania","No data","No data","No data","No data","No data","No data","No data","No data","No data","No data","No data","No data","No data","No data","No data","No data","No data","No data","No data","No data","No data"
"Luxembourg","No data","No data","No data","No data","No data","No data","No data","No data","No data","No data","No data","No data","No data","No data","No data","No data","No data","No data","No data","No data","No data"
"Madagascar","42 000 [34 000-56 000]","38 000 [31 000-50 000]","34 000 [28 000-43 000]","31 000 [25 000-39 000]","28 000 [22 000-35 000]","24 000 [20 000-31 000]","21 000 [17 000-27 000]","18 000 [14 000-23 000]","16 000 [12 000-20 000]","13 000 [10 000-17 000]","11 000 [8500-15 000]","9600 [6900-12 000]","8100 [5700-10 000]","6800 [4700-8900]","5600 [3900-7400]","4700 [3100-6300]","3800 [2500-5300]","3100 [2000-4600]","2500 [1500-3800]","1900 [1100-3100]","1500 [820-2600]"
"Malawi","990 000 [930 000-1 100 000]","990 000 [930 000-1 100 000]","990 000 [930 000-1 100 000]","990 000 [930 000-1 100 000]","980 000 [930 000-1 100 000]","970 000 [920 000-1 100 000]","960 000 [910 000-1 000 000]","950 000 [900 000-1 000 000]","940 000 [890 000-1 000 000]","930 000 [880 000-1 000 000]","930 000 [880 000-990 000]","920 000 [870 000-990 000]","910 000 [860 000-980 000]","910 000 [860 000-990 000]","920 000 [860 000-990 000]","920 000 [860 000-1 000 000]","930 000 [870 000-1 000 000]","930 000 [870 000-1 000 000]","940 000 [870 000-1 000 000]","940 000 [880 000-1 000 000]","940 000 [880 000-1 000 000]"
"Malaysia","92 000 [84 000-100 000]","88 000 [80 000-96 000]","85 000 [77 000-92 000]","82 000 [75 000-89 000]","80 000 [73 000-86 000]","78 000 [71 000-84 000]","77 000 [69 000-83 000]","76 000 [68 000-83 000]","75 000 [67 000-82 000]","74 000 [66 000-82 000]","73 000 [65 000-81 000]","72 000 [63 000-80 000]","70 000 [62 000-79 000]","69 000 [60 000-78 000]","68 000 [59 000-77 000]","67 000 [57 000-75 000]","65 000 [56 000-74 000]","63 000 [54 000-72 000]","61 000 [52 000-70 000]","59 000 [50 000-68 000]","57 000 [47 000-65 000]"
"Maldives","No data","No data","No data","No data","No data","No data","No data","No data","No data","No data","No data","No data","No data","No data","No data","No data","No data","No data","No data","No data","No data"
"Mali","110 000 [90 000-130 000]","110 000 [91 000-130 000]","110 000 [92 000-130 000]","110 000 [93 000-140 000]","110 000 [95 000-140 000]","110 000 [95 000-140 000]","110 000 [96 000-140 000]","120 000 [97 000-140 000]","120 000 [98 000-140 000]","120 000 [98 000-130 000]","120 000 [99 000-130 000]","120 000 [100 000-130 000]","120 000 [100 000-130 000]","120 000 [100 000-130 000]","120 000 [100 000-140 000]","120 000 [100 000-140 000]","120 000 [100 000-140 000]","120 000 [100 000-140 000]","120 000 [100 000-140 000]","120 000 [100 000-140 000]","120 000 [97 000-140 000]"
"Malta","No data","No data","No data","No data","No data","No data","No data","No data","No data","No data","No data","No data","No data","No data","No data","No data","No data","No data","No data","No data","No data"
"Mauritania","8500 [7000-11 000]","8600 [7100-11 000]","8600 [7200-11 000]","8800 [7400-11 000]","8900 [7600-11 000]","9000 [7700-11 000]","9200 [7800-11 000]","9300 [8000-11 000]","9500 [8200-11 000]","9600 [8300-11 000]","9600 [8400-11 000]","9600 [8500-11 000]","9600 [8400-11 000]","9500 [8300-11 000]","9400 [8200-11 000]","9200 [8100-10 000]","8900 [7700-10 000]","8600 [7300-9700]","8100 [6900-9200]","7600 [6300-8700]","7000 [5800-8100]"
"Mauritius","14 000 [12 000-16 000]","14 000 [12 000-16 000]","14 000 [12 000-16 000]","14 000 [12 000-16 000]","14 000 [12 000-16 000]","14 000 [12 000-16 000]","13 000 [12 000-16 000]","13 000 [12 000-15 000]","13 000 [12 000-15 000]","13 000 [11 000-14 000]","12 000 [11 000-14 000]","12 000 [10 000-13 000]","11 000 [9700-13 000]","11 000 [9000-12 000]","9800 [8100-12 000]","9000 [7200-11 000]","8200 [6100-9800]","7300 [4900-9100]","6300 [3800-8300]","5300 [2900-7500]","4200 [2000-6700]"
"Mexico","340 000 [300 000-390 000]","340 000 [290 000-380 000]","320 000 [280 000-360 000]","310 000 [260 000-340 000]","300 000 [260 000-330 000]","280 000 [250 000-320 000]","270 000 [240 000-310 000]","260 000 [230 000-290 000]","250 000 [210 000-280 000]","240 000 [200 000-270 000]","230 000 [200 000-260 000]","220 000 [190 000-250 000]","210 000 [180 000-240 000]","200 000 [170 000-230 000]","200 000 [170 000-220 000]","190 000 [160 000-210 000]","180 000 [150 000-210 000]","170 000 [140 000-200 000]","160 000 [140 000-190 000]","150 000 [130 000-180 000]","150 000 [120 000-170 000]"
"Mongolia","650 [580-710]","620 [550-680]","600 [530-660]","580 [510-640]","560 [<500-620]","540 [<500-600]","510 [<500-570]","<500 [<500-530]","<500 [<500-<500]","<500 [<500-<500]","<500 [<500-<500]","<500 [<500-<500]","<500 [<500-<500]","<500 [<500-<500]","<500 [<500-<500]","<500 [<200-<500]","<200 [<200-<200]","<200 [<200-<200]","<100 [<100-<100]","<100 [<100-<100]","<100 [<100-<100]"
"Morocco","22 000 [19 000-24 000]","22 000 [19 000-24 000]","21 000 [19 000-24 000]","21 000 [19 000-24 000]","21 000 [19 000-23 000]","20 000 [18 000-23 000]","20 000 [18 000-22 000]","20 000 [18 000-22 000]","19 000 [17 000-21 000]","19 000 [17 000-21 000]","18 000 [16 000-20 000]","17 000 [16 000-19 000]","17 000 [15 000-19 000]","16 000 [14 000-18 000]","15 000 [13 000-17 000]","14 000 [13 000-17 000]","14 000 [12 000-16 000]","13 000 [11 000-15 000]","12 000 [10 000-14 000]","11 000 [9300-13 000]","10 000 [8500-12 000]"
"Mozambique","2 100 000 [1 700 000-2 500 000]","2 000 000 [1 600 000-2 500 000]","2 000 000 [1 600 000-2 400 000]","1 900 000 [1 600 000-2 400 000]","1 900 000 [1 500 000-2 300 000]","1 800 000 [1 500 000-2 200 000]","1 700 000 [1 400 000-2 200 000]","1 700 000 [1 400 000-2 100 000]","1 600 000 [1 300 000-2 000 000]","1 600 000 [1 300 000-1 900 000]","1 500 000 [1 200 000-1 900 000]","1 400 000 [1 200 000-1 800 000]","1 400 000 [1 100 000-1 700 000]","1 300 000 [1 100 000-1 600 000]","1 200 000 [1 000 000-1 500 000]","1 200 000 [960 000-1 500 000]","1 100 000 [900 000-1 400 000]","1 000 000 [840 000-1 300 000]","960 000 [780 000-1 200 000]","870 000 [710 000-1 100 000]","770 000 [630 000-960 000]"
"Myanmar","No data","No data","No data","No data","No data","No data","No data","No data","No data","No data","No data","No data","No data","No data","No data","No data","No data","No data","No data","No data","No data"
"Namibia","210 000 [190 000-230 000]","210 000 [190 000-230 000]","210 000 [190 000-230 000]","200 000 [190 000-220 000]","200 000 [190 000-220 000]","200 000 [190 000-220 000]","200 000 [180 000-210 000]","190 000 [180 000-210 000]","190 000 [180 000-210 000]","190 000 [170 000-200 000]","180 000 [170 000-200 000]","180 000 [170 000-190 000]","170 000 [160 000-190 000]","170 000 [160 000-180 000]","170 000 [160 000-180 000]","160 000 [150 000-180 000]","160 000 [150 000-170 000]","160 000 [150 000-170 000]","150 000 [140 000-170 000]","150 000 [140 000-160 000]","140 000 [130 000-150 000]"
"Nepal","30 000 [28 000-33 000]","30 000 [27 000-32 000]","29 000 [27 000-32 000]","29 000 [27 000-31 000]","29 000 [26 000-31 000]","29 000 [26 000-31 000]","29 000 [26 000-31 000]","29 000 [27 000-32 000]","30 000 [27 000-33 000]","31 000 [28 000-33 000]","31 000 [28 000-34 000]","32 000 [28 000-35 000]","32 000 [28 000-35 000]","31 000 [28 000-34 000]","31 000 [27 000-34 000]","29 000 [26 000-33 000]","27 000 [24 000-31 000]","25 000 [22 000-28 000]","22 000 [19 000-25 000]","19 000 [17 000-21 000]","16 000 [14 000-18 000]"
"Netherlands","24 000 [21 000-27 000]","24 000 [21 000-27 000]","24 000 [21 000-26 000]","23 000 [21 000-26 000]","23 000 [21 000-26 000]","23 000 [20 000-25 000]","22 000 [20 000-25 000]","22 000 [19 000-24 000]","21 000 [19 000-23 000]","20 000 [18 000-23 000]","20 000 [17 000-22 000]","19 000 [17 000-21 000]","18 000 [16 000-20 000]","17 000 [15 000-19 000]","16 000 [14 000-18 000]","15 000 [13 000-17 000]","14 000 [12 000-16 000]","13 000 [11 000-15 000]","12 000 [11 000-14 000]","11 000 [9700-13 000]","10 000 [9000-12 000]"
"New Zealand","3600 [3100-4000]","3500 [3000-4000]","3400 [2900-3800]","3300 [2800-3700]","3200 [2700-3600]","3000 [2600-3400]","2900 [2500-3300]","2800 [2400-3100]","2700 [2300-3000]","2500 [2200-2800]","2400 [2100-2700]","2300 [2000-2500]","2100 [1800-2400]","2000 [1700-2200]","1800 [1600-2100]","1700 [1500-1900]","1600 [1400-1800]","1500 [1300-1600]","1400 [1200-1500]","1300 [1100-1400]","1200 [1100-1300]"
"Nicaragua","12 000 [8700-15 000]","11 000 [8400-14 000]","11 000 [8100-14 000]","10 000 [7900-13 000]","9800 [7600-13 000]","9400 [7300-12 000]","9000 [6900-12 000]","8600 [6500-11 000]","8200 [6200-11 000]","7800 [5900-10 000]","7500 [5500-9700]","7100 [5200-9500]","6800 [4800-9000]","6500 [4500-8600]","6200 [4300-8500]","5900 [4100-8300]","5700 [4000-8000]","5300 [3800-7300]","4900 [3500-6500]","4400 [3100-6200]","3900 [2600-5800]"
"Niger","31 000 [28 000-35 000]","32 000 [28 000-35 000]","32 000 [28 000-35 000]","32 000 [29 000-36 000]","32 000 [29 000-36 000]","33 000 [30 000-37 000]","34 000 [30 000-38 000]","34 000 [31 000-38 000]","35 000 [31 000-39 000]","36 000 [32 000-40 000]","37 000 [33 000-42 000]","38 000 [34 000-44 000]","39 000 [35 000-45 000]","41 000 [36 000-46 000]","42 000 [37 000-48 000]","43 000 [37 000-49 000]","43 000 [38 000-50 000]","43 000 [38 000-50 000]","42 000 [37 000-49 000]","41 000 [35 000-48 000]","39 000 [33 000-46 000]"
"Nigeria","1 700 000 [1 300 000-2 300 000]","1 700 000 [1 300 000-2 300 000]","1 700 000 [1 300 000-2 200 000]","1 700 000 [1 200 000-2 200 000]","1 600 000 [1 200 000-2 200 000]","1 600 000 [1 200 000-2 100 000]","1 500 000 [1 200 000-2 100 000]","1 500 000 [1 100 000-2 000 000]","1 500 000 [1 100 000-2 000 000]","1 400 000 [1 100 000-1 900 000]","1 400 000 [1 100 000-1 900 000]","1 400 000 [1 000 000-1 800 000]","1 300 000 [1 000 000-1 800 000]","1 300 000 [980 000-1 700 000]","1 300 000 [950 000-1 700 000]","1 300 000 [930 000-1 700 000]","1 200 000 [910 000-1 600 000]","1 200 000 [890 000-1 600 000]","1 200 000 [870 000-1 500 000]","1 100 000 [840 000-1 500 000]","1 100 000 [800 000-1 400 000]"
"Norway","No data","No data","No data","No data","No data","No data","No data","No data","No data","No data","No data","No data","No data","No data","No data","No data","No data","No data","No data","No data","No data"
"Oman","No data","No data","No data","No data","No data","No data","No data","No data","No data","No data","No data","No data","No data","No data","No data","No data","No data","No data","No data","No data","No data"
"Pakistan","200 000 [190 000-210 000]","180 000 [170 000-190 000]","170 000 [160 000-180 000]","160 000 [150 000-160 000]","140 000 [130 000-150 000]","130 000 [120 000-130 000]","110 000 [110 000-120 000]","100 000 [96 000-110 000]","90 000 [84 000-96 000]","79 000 [73 000-83 000]","67 000 [62 000-71 000]","55 000 [51 000-59 000]","42 000 [39 000-45 000]","30 000 [28 000-32 000]","20 000 [18 000-21 000]","10 000 [9600-11 000]","2200 [2100-2400]","1100 [1100-1200]","820 [760-870]","610 [570-650]","<500 [<500-<500]"
"Panama","31 000 [29 000-35 000]","30 000 [28 000-33 000]","29 000 [26 000-31 000]","27 000 [25 000-29 000]","26 000 [24 000-28 000]","25 000 [23 000-27 000]","24 000 [22 000-25 000]","22 000 [21 000-24 000]","21 000 [19 000-22 000]","20 000 [18 000-21 000]","19 000 [17 000-20 000]","18 000 [16 000-19 000]","17 000 [15 000-18 000]","16 000 [15 000-17 000]","15 000 [14 000-16 000]","14 000 [13 000-15 000]","13 000 [12 000-14 000]","13 000 [12 000-13 000]","12 000 [11 000-13 000]","11 000 [10 000-12 000]","10 000 [9600-11 000]"
"Papua New Guinea","55 000 [37 000-71 000]","52 000 [35 000-68 000]","50 000 [34 000-65 000]","47 000 [32 000-61 000]","45 000 [30 000-58 000]","42 000 [29 000-55 000]","40 000 [27 000-52 000]","38 000 [25 000-50 000]","36 000 [24 000-48 000]","34 000 [22 000-46 000]","33 000 [21 000-44 000]","31 000 [20 000-42 000]","29 000 [19 000-40 000]","28 000 [18 000-38 000]","26 000 [17 000-37 000]","24 000 [15 000-34 000]","22 000 [14 000-31 000]","20 000 [12 000-28 000]","17 000 [10 000-23 000]","13 000 [8400-19 000]","10 000 [6300-14 000]"
"Paraguay","19 000 [14 000-26 000]","18 000 [14 000-25 000]","18 000 [14 000-25 000]","17 000 [13 000-24 000]","17 000 [13 000-24 000]","17 000 [13 000-23 000]","16 000 [13 000-23 000]","16 000 [12 000-23 000]","16 000 [12 000-22 000]","16 000 [12 000-22 000]","15 000 [12 000-22 000]","15 000 [11 000-21 000]","15 000 [11 000-21 000]","15 000 [11 000-21 000]","15 000 [11 000-21 000]","14 000 [10 000-20 000]","14 000 [9600-20 000]","13 000 [8600-19 000]","12 000 [7700-18 000]","11 000 [6500-17 000]","10 000 [5400-16 000]"
"Peru","91 000 [80 000-100 000]","87 000 [77 000-100 000]","83 000 [74 000-96 000]","78 000 [70 000-91 000]","74 000 [66 000-86 000]","70 000 [62 000-81 000]","67 000 [59 000-77 000]","64 000 [57 000-75 000]","62 000 [55 000-72 000]","60 000 [53 000-70 000]","59 000 [52 000-68 000]","58 000 [50 000-67 000]","57 000 [49 000-65 000]","56 000 [49 000-64 000]","55 000 [48 000-63 000]","54 000 [48 000-63 000]","54 000 [47 000-63 000]","54 000 [47 000-63 000]","54 000 [47 000-64 000]","55 000 [48 000-65 000]","56 000 [48 000-67 000]"
"Philippines","120 000 [110 000-120 000]","100 000 [92 000-110 000]","85 000 [79 000-92 000]","73 000 [67 000-78 000]","61 000 [56 000-66 000]","51 000 [47 000-55 000]","42 000 [39 000-45 000]","34 000 [31 000-36 000]","27 000 [25 000-29 000]","21 000 [20 000-23 000]","17 000 [15 000-18 000]","12 000 [11 000-13 000]","8800 [8100-9500]","6700 [6200-7200]","5100 [4700-5500]","3900 [3600-4200]","3000 [2700-3200]","2300 [2100-2400]","1700 [1600-1800]","1300 [1200-1400]","990 [920-1100]"
"Poland","No data","No data","No data","No data","No data","No data","No data","No data","No data","No data","No data","No data","No data","No data","No data","No data","No data","No data","No data","No data","No data"
"Portugal","42 000 [37 000-45 000]","42 000 [37 000-46 000]","41 000 [37 000-45 000]","41 000 [36 000-45 000]","41 000 [36 000-45 000]","40 000 [36 000-44 000]","40 000 [36 000-44 000]","40 000 [35 000-43 000]","39 000 [35 000-43 000]","39 000 [35 000-42 000]","38 000 [34 000-42 000]","37 000 [33 000-41 000]","37 000 [33 000-40 000]","36 000 [32 000-39 000]","35 000 [31 000-38 000]","34 000 [30 000-37 000]","33 000 [30 000-36 000]","32 000 [29 000-35 000]","31 000 [28 000-34 000]","30 000 [27 000-33 000]","29 000 [26 000-32 000]"
"Qatar","<200 [<100-<500]","<200 [<100-<200]","<200 [<100-<200]","<100 [<100-<200]","<100 [<100-<200]","<100 [<100-<200]","<100 [<100-<200]","<100 [<100-<200]","<100 [<100-<200]","<100 [<100-<200]","<100 [<100-<200]","<100 [<100-<200]","<100 [<100-<200]","<100 [<100-<100]","<100 [<100-<100]","<100 [<100-<100]","<100 [<100-<100]","<100 [<100-<100]","<100 [<100-<100]","<100 [<100-<100]","<100 [<100-<100]"
"Republic of Korea","No data","No data","No data","No data","No data","No data","No data","No data","No data","No data","No data","No data","No data","No data","No data","No data","No data","No data","No data","No data","No data"
"Republic of Moldova","14 000 [12 000-18 000]","14 000 [12 000-18 000]","14 000 [12 000-17 000]","14 000 [12 000-17 000]","14 000 [12 000-17 000]","14 000 [12 000-17 000]","14 000 [12 000-17 000]","14 000 [12 000-17 000]","14 000 [12 000-17 000]","14 000 [12 000-16 000]","13 000 [11 000-16 000]","13 000 [11 000-16 000]","12 000 [11 000-15 000]","12 000 [10 000-14 000]","11 000 [9500-13 000]","11 000 [9000-13 000]","9900 [8400-12 000]","9300 [7900-11 000]","8700 [7400-10 000]","8000 [6800-9600]","7100 [6000-8500]"
"North Macedonia","No data","No data","No data","No data","No data","No data","No data","No data","No data","No data","No data","No data","No data","No data","No data","No data","No data","No data","No data","No data","No data"
"Romania","19 000 [12 000-25 000]","19 000 [12 000-24 000]","19 000 [11 000-24 000]","18 000 [11 000-23 000]","18 000 [11 000-23 000]","17 000 [10 000-22 000]","17 000 [10 000-21 000]","16 000 [9800-21 000]","16 000 [9500-21 000]","16 000 [9300-20 000]","15 000 [8900-19 000]","14 000 [8600-19 000]","14 000 [8300-18 000]","13 000 [8000-17 000]","12 000 [7600-16 000]","12 000 [7300-15 000]","11 000 [7000-14 000]","10 000 [6700-13 000]","9700 [6400-12 000]","9100 [6000-11 000]","8300 [5600-10 000]"
"Russian Federation","No data","No data","No data","No data","No data","No data","No data","No data","No data","No data","No data","No data","No data","No data","No data","No data","No data","No data","No data","No data","No data"
"Rwanda","220 000 [200 000-250 000]","220 000 [210 000-250 000]","220 000 [200 000-250 000]","220 000 [200 000-250 000]","220 000 [200 000-250 000]","220 000 [200 000-240 000]","220 000 [200 000-240 000]","220 000 [200 000-240 000]","220 000 [200 000-240 000]","210 000 [200 000-240 000]","210 000 [200 000-230 000]","210 000 [200 000-230 000]","210 000 [200 000-230 000]","210 000 [190 000-230 000]","210 000 [190 000-230 000]","210 000 [190 000-230 000]","210 000 [190 000-230 000]","210 000 [190 000-230 000]","210 000 [190 000-240 000]","210 000 [180 000-240 000]","200 000 [180 000-230 000]"
"Sao Tome and Principe","530 [<500-640]","540 [<500-650]","550 [<500-660]","560 [<500-680]","570 [<500-690]","590 [<500-700]","600 [<500-720]","620 [510-750]","650 [530-780]","670 [540-810]","690 [550-860]","720 [570-900]","740 [580-940]","760 [600-970]","790 [620-1000]","820 [640-1100]","860 [660-1100]","890 [690-1200]","930 [720-1200]","970 [740-1300]","1000 [750-1300]"
"Saudi Arabia","12 000 [10 000-14 000]","11 000 [9400-12 000]","9900 [8700-11 000]","9000 [8000-10 000]","8200 [7300-9100]","7500 [6700-8200]","6800 [6100-7500]","6200 [5600-6900]","5700 [5200-6300]","5200 [4800-5800]","4800 [4400-5300]","4400 [4100-4900]","4100 [3700-4500]","3800 [3400-4200]","3500 [3200-3900]","3200 [2900-3600]","2900 [2500-3200]","2500 [2100-2900]","2200 [1700-2600]","2000 [1400-2300]","1700 [1200-2100]"
"Senegal","39 000 [35 000-44 000]","40 000 [35 000-44 000]","40 000 [35 000-44 000]","41 000 [36 000-45 000]","41 000 [37 000-46 000]","42 000 [37 000-47 000]","43 000 [38 000-48 000]","44 000 [39 000-50 000]","45 000 [40 000-52 000]","46 000 [40 000-53 000]","47 000 [41 000-54 000]","47 000 [41 000-55 000]","47 000 [41 000-55 000]","47 000 [40 000-55 000]","47 000 [40 000-55 000]","47 000 [40 000-55 000]","45 000 [39 000-53 000]","43 000 [37 000-51 000]","41 000 [35 000-48 000]","38 000 [32 000-45 000]","34 000 [29 000-41 000]"
"Serbia","3300 [2600-4100]","3200 [2500-3800]","3000 [2500-3600]","2900 [2400-3400]","2700 [2300-3100]","2600 [2200-2900]","2400 [2100-2700]","2200 [1900-2600]","2100 [1800-2400]","1900 [1700-2200]","1800 [1500-2000]","1600 [1400-1900]","1500 [1200-1700]","1300 [1100-1500]","1200 [960-1400]","1100 [850-1300]","960 [760-1200]","880 [690-1100]","880 [690-1100]","910 [720-1100]","970 [780-1200]"
"Sierra Leone","80 000 [70 000-90 000]","79 000 [70 000-89 000]","77 000 [69 000-87 000]","76 000 [68 000-85 000]","75 000 [67 000-83 000]","73 000 [66 000-82 000]","72 000 [65 000-80 000]","71 000 [63 000-79 000]","69 000 [62 000-78 000]","68 000 [60 000-76 000]","66 000 [59 000-76 000]","65 000 [57 000-76 000]","64 000 [56 000-75 000]","63 000 [54 000-73 000]","61 000 [53 000-73 000]","60 000 [51 000-71 000]","58 000 [48 000-69 000]","55 000 [46 000-67 000]","52 000 [42 000-64 000]","49 000 [39 000-60 000]","46 000 [36 000-58 000]"
"Singapore","8000 [6800-9100]","8000 [6900-9100]","8000 [6900-9000]","7900 [6900-8900]","7700 [6800-8700]","7600 [6700-8400]","7400 [6500-8200]","7100 [6300-7900]","6800 [6100-7500]","6500 [5800-7100]","6100 [5500-6700]","5800 [5100-6300]","5400 [4800-5900]","5000 [4400-5500]","4700 [4100-5100]","4300 [3900-4800]","4100 [3600-4500]","3800 [3400-4200]","3500 [3200-3900]","3300 [2900-3600]","3000 [2700-3400]"
"Slovakia","No data","No data","No data","No data","No data","No data","No data","No data","No data","No data","No data","No data","No data","No data","No data","No data","No data","No data","No data","No data","No data"
"Slovenia","810 [520-1100]","810 [520-1000]","800 [520-1000]","790 [510-1000]","780 [510-1000]","770 [<500-980]","750 [<500-960]","730 [<500-940]","710 [<500-910]","680 [<500-870]","640 [<500-830]","600 [<500-780]","560 [<500-720]","510 [<500-660]","<500 [<500-590]","<500 [<500-520]","<500 [<500-<500]","<500 [<200-<500]","<500 [<200-<500]","<500 [<200-<500]","<200 [<200-<500]"
"Somalia","8700 [7700-9800]","8900 [7900-10 000]","9300 [8200-10 000]","9600 [8500-11 000]","10 000 [8900-11 000]","11 000 [9400-12 000]","11 000 [9900-13 000]","12 000 [10 000-13 000]","12 000 [11 000-14 000]","13 000 [12 000-15 000]","14 000 [12 000-15 000]","14 000 [13 000-16 000]","15 000 [13 000-16 000]","15 000 [13 000-17 000]","15 000 [13 000-17 000]","15 000 [13 000-17 000]","14 000 [12 000-16 000]","13 000 [12 000-15 000]","13 000 [11 000-15 000]","12 000 [9700-13 000]","10 000 [8700-12 000]"
"South Africa","7 800 000 [5 200 000-10 000 000]","7 700 000 [5 100 000-9 900 000]","7 500 000 [5 000 000-9 700 000]","7 400 000 [4 800 000-9 600 000]","7 200 000 [4 700 000-9 400 000]","7 000 000 [4 500 000-9 200 000]","6 800 000 [4 400 000-8 900 000]","6 600 000 [4 200 000-8 600 000]","6 300 000 [4 100 000-8 400 000]","6 100 000 [3 900 000-8 100 000]","5 800 000 [3 700 000-7 800 000]","5 500 000 [3 500 000-7 400 000]","5 300 000 [3 300 000-7 100 000]","5 000 000 [3 100 000-6 800 000]","4 800 000 [2 900 000-6 600 000]","4 600 000 [2 800 000-6 300 000]","4 400 000 [2 700 000-6 000 000]","4 100 000 [2 500 000-5 600 000]","3 800 000 [2 300 000-5 200 000]","3 500 000 [2 100 000-4 800 000]","3 100 000 [1 900 000-4 300 000]"
"South Sudan","180 000 [140 000-230 000]","180 000 [130 000-220 000]","170 000 [130 000-210 000]","170 000 [130 000-210 000]","160 000 [130 000-200 000]","160 000 [120 000-200 000]","160 000 [120 000-200 000]","150 000 [120 000-200 000]","150 000 [120 000-190 000]","150 000 [110 000-190 000]","140 000 [110 000-180 000]","140 000 [110 000-170 000]","130 000 [100 000-170 000]","130 000 [96 000-160 000]","120 000 [91 000-160 000]","120 000 [86 000-150 000]","110 000 [81 000-140 000]","100 000 [76 000-140 000]","99 000 [71 000-130 000]","93 000 [67 000-120 000]","87 000 [62 000-120 000]"
"Spain","150 000 [130 000-170 000]","150 000 [130 000-170 000]","150 000 [130 000-170 000]","150 000 [130 000-160 000]","140 000 [120 000-160 000]","140 000 [120 000-160 000]","140 000 [120 000-150 000]","140 000 [120 000-150 000]","130 000 [120 000-150 000]","130 000 [120 000-140 000]","130 000 [110 000-140 000]","130 000 [110 000-140 000]","120 000 [110 000-130 000]","120 000 [110 000-130 000]","120 000 [100 000-130 000]","110 000 [100 000-120 000]","110 000 [98 000-120 000]","110 000 [95 000-120 000]","100 000 [92 000-110 000]","100 000 [89 000-110 000]","99 000 [87 000-110 000]"
"Sri Lanka","3700 [3400-4100]","3700 [3400-4100]","3700 [3400-4100]","3800 [3400-4200]","3800 [3400-4200]","3800 [3400-4300]","3800 [3400-4300]","3900 [3400-4300]","3900 [3400-4400]","3900 [3400-4400]","3900 [3400-4400]","3900 [3400-4400]","3800 [3400-4400]","3800 [3300-4300]","3600 [3200-4200]","3500 [3000-4000]","3200 [2800-3700]","3000 [2600-3400]","2700 [2300-3100]","2400 [2100-2800]","2100 [1800-2400]"
"Sudan","49 000 [42 000-57 000]","47 000 [41 000-56 000]","46 000 [40 000-55 000]","45 000 [39 000-54 000]","45 000 [39 000-53 000]","44 000 [39 000-53 000]","44 000 [38 000-53 000]","43 000 [38 000-53 000]","43 000 [38 000-52 000]","42 000 [37 000-51 000]","42 000 [37 000-51 000]","41 000 [36 000-49 000]","40 000 [35 000-48 000]","40 000 [33 000-48 000]","39 000 [31 000-47 000]","39 000 [29 000-47 000]","38 000 [26 000-48 000]","37 000 [23 000-49 000]","35 000 [19 000-48 000]","32 000 [15 000-46 000]","30 000 [12 000-44 000]"
"Suriname","5200 [4300-6600]","5200 [4300-6500]","5200 [4300-6500]","5200 [4300-6500]","5100 [4300-6300]","5100 [4300-6100]","5000 [4300-6000]","4900 [4200-5900]","4900 [4200-5800]","4800 [4100-5700]","4700 [4100-5600]","4600 [4000-5400]","4400 [3900-5200]","4300 [3800-5100]","4200 [3600-4900]","4000 [3400-4800]","3800 [3300-4600]","3700 [3100-4500]","3400 [2700-4200]","3200 [2400-4100]","2900 [2200-3800]"
"Sweden","No data","No data","No data","No data","No data","No data","No data","No data","No data","No data","No data","No data","No data","No data","No data","No data","No data","No data","No data","No data","No data"
"Switzerland","17 000 [14 000-20 000]","17 000 [14 000-20 000]","17 000 [14 000-20 000]","17 000 [14 000-19 000]","17 000 [14 000-19 000]","17 000 [14 000-19 000]","16 000 [14 000-19 000]","16 000 [14 000-18 000]","16 000 [14 000-18 000]","15 000 [13 000-18 000]","15 000 [13 000-17 000]","15 000 [13 000-17 000]","14 000 [12 000-16 000]","14 000 [12 000-16 000]","13 000 [12 000-15 000]","13 000 [11 000-15 000]","12 000 [11 000-14 000]","12 000 [11 000-14 000]","12 000 [10 000-13 000]","11 000 [9800-13 000]","11 000 [9500-12 000]"
"Syrian Arab Republic","840 [700-980]","780 [650-910]","740 [630-860]","710 [610-840]","690 [600-820]","660 [570-780]","640 [550-740]","610 [530-690]","580 [500-640]","540 [<500-610]","510 [<500-560]","<500 [<500-520]","<500 [<500-<500]","<500 [<500-<500]","<500 [<500-<500]","<500 [<500-<500]","<500 [<500-<500]","<500 [<200-<500]","<200 [<200-<500]","<200 [<200-<500]","<200 [<200-<200]"
"Tajikistan","14 000 [13 000-16 000]","14 000 [13 000-15 000]","13 000 [12 000-15 000]","12 000 [11 000-14 000]","12 000 [11 000-13 000]","11 000 [10 000-12 000]","9900 [9200-11 000]","8900 [8300-9400]","7700 [7200-8200]","6500 [5900-7000]","5200 [4600-5700]","4000 [3400-4400]","2900 [2400-3300]","2000 [1600-2300]","1200 [940-1600]","710 [<500-960]","<500 [<500-540]","<200 [<100-<500]","<100 [<100-<200]","<100 [<100-<200]","<100 [<100-<100]"
"Thailand","500 000 [450 000-550 000]","510 000 [460 000-560 000]","520 000 [470 000-570 000]","530 000 [480 000-580 000]","540 000 [490 000-590 000]","550 000 [500 000-600 000]","560 000 [510 000-620 000]","580 000 [520 000-630 000]","590 000 [540 000-650 000]","610 000 [550 000-670 000]","620 000 [560 000-680 000]","640 000 [580 000-700 000]","650 000 [590 000-720 000]","660 000 [600 000-740 000]","680 000 [610 000-750 000]","690 000 [620 000-780 000]","710 000 [630 000-800 000]","740 000 [660 000-830 000]","760 000 [680 000-860 000]","780 000 [700 000-880 000]","800 000 [710 000-900 000]"
"Timor-Leste","1200 [920-1700]","1200 [930-1600]","1100 [860-1400]","1000 [790-1300]","910 [720-1200]","830 [640-1100]","750 [590-990]","670 [530-910]","600 [<500-860]","540 [<500-800]","<500 [<500-740]","<500 [<500-690]","<500 [<500-640]","<500 [<500-590]","<500 [<200-540]","<500 [<200-<500]","<500 [<200-<500]","<500 [<200-<500]","<500 [<200-<500]","<200 [<100-<500]","<200 [<100-<500]"
"Togo","110 000 [110 000-120 000]","110 000 [110 000-120 000]","110 000 [110 000-120 000]","110 000 [110 000-120 000]","110 000 [110 000-120 000]","110 000 [110 000-120 000]","110 000 [110 000-120 000]","110 000 [110 000-120 000]","110 000 [110 000-120 000]","110 000 [110 000-120 000]","110 000 [110 000-120 000]","110 000 [110 000-120 000]","110 000 [110 000-120 000]","110 000 [110 000-120 000]","110 000 [110 000-120 000]","110 000 [110 000-120 000]","110 000 [110 000-120 000]","110 000 [110 000-120 000]","110 000 [110 000-120 000]","110 000 [100 000-110 000]","110 000 [100 000-110 000]"
"Trinidad and Tobago","10 000 [9200-12 000]","11 000 [9400-12 000]","11 000 [9700-12 000]","11 000 [10 000-12 000]","11 000 [10 000-12 000]","11 000 [10 000-12 000]","11 000 [10 000-13 000]","12 000 [11 000-13 000]","12 000 [11 000-13 000]","12 000 [11 000-13 000]","12 000 [11 000-13 000]","11 000 [11 000-12 000]","11 000 [10 000-12 000]","11 000 [10 000-12 000]","11 000 [9800-12 000]","10 000 [9400-11 000]","9800 [8900-11 000]","9200 [8300-10 000]","8600 [7700-9900]","8000 [7100-9300]","7300 [6400-8700]"
"Tunisia","4500 [3900-5200]","4200 [3700-4800]","4000 [3600-4500]","3800 [3400-4200]","3600 [3300-4000]","3400 [3100-3700]","3300 [3000-3500]","3100 [2800-3300]","3000 [2700-3200]","2800 [2500-3000]","2700 [2400-2900]","2500 [2300-2700]","2400 [2200-2600]","2300 [2100-2500]","2100 [1900-2300]","2000 [1800-2200]","1700 [1600-1900]","1500 [1400-1600]","1300 [1200-1400]","1100 [1000-1200]","960 [870-1100]"
"Turkey","No data","No data","No data","No data","No data","No data","No data","No data","No data","No data","No data","No data","No data","No data","No data","No data","No data","No data","No data","No data","No data"
"Turkmenistan","No data","No data","No data","No data","No data","No data","No data","No data","No data","No data","No data","No data","No data","No data","No data","No data","No data","No data","No data","No data","No data"
"Uganda","1 400 000 [1 300 000-1 600 000]","1 400 000 [1 300 000-1 500 000]","1 400 000 [1 300 000-1 500 000]","1 400 000 [1 300 000-1 500 000]","1 300 000 [1 300 000-1 500 000]","1 300 000 [1 200 000-1 400 000]","1 300 000 [1 200 000-1 400 000]","1 200 000 [1 200 000-1 400 000]","1 200 000 [1 200 000-1 300 000]","1 200 000 [1 100 000-1 300 000]","1 200 000 [1 100 000-1 300 000]","1 100 000 [1 100 000-1 200 000]","1 100 000 [1 100 000-1 200 000]","1 100 000 [1 000 000-1 200 000]","1 100 000 [1 000 000-1 200 000]","1 000 000 [990 000-1 100 000]","1 000 000 [980 000-1 100 000]","1 000 000 [970 000-1 100 000]","1 000 000 [960 000-1 100 000]","1 000 000 [960 000-1 100 000]","1 000 000 [950 000-1 100 000]"
"Ukraine","260 000 [210 000-330 000]","250 000 [200 000-310 000]","240 000 [200 000-300 000]","240 000 [190 000-290 000]","230 000 [190 000-290 000]","230 000 [190 000-290 000]","230 000 [190 000-280 000]","220 000 [180 000-280 000]","220 000 [180 000-280 000]","220 000 [180 000-280 000]","230 000 [180 000-280 000]","230 000 [190 000-280 000]","230 000 [190 000-290 000]","230 000 [190 000-290 000]","230 000 [190 000-280 000]","230 000 [190 000-280 000]","230 000 [190 000-280 000]","220 000 [180 000-260 000]","210 000 [170 000-250 000]","190 000 [150 000-230 000]","170 000 [130 000-210 000]"
"United Arab Emirates","540 [<500-640]","<500 [<500-560]","<500 [<500-<500]","<500 [<500-<500]","<500 [<500-<500]","<500 [<500-<500]","<500 [<200-<500]","<500 [<200-<500]","<200 [<200-<500]","<200 [<100-<200]","<200 [<100-<200]","<200 [<100-<200]","<100 [<100-<200]","<100 [<100-<200]","<100 [<100-<200]","<100 [<100-<100]","<100 [<100-<100]","<100 [<100-<100]","<100 [<100-<100]","<100 [<100-<100]","<100 [<100-<100]"
"United Kingdom of Great Britain and Northern Ireland","No data","No data","No data","No data","No data","No data","No data","No data","No data","No data","No data","No data","No data","No data","No data","No data","No data","No data","No data","No data","No data"
"United Republic of Tanzania","1 700 000 [1 600 000-1 900 000]","1 700 000 [1 600 000-1 900 000]","1 700 000 [1 600 000-1 800 000]","1 600 000 [1 600 000-1 800 000]","1 600 000 [1 500 000-1 800 000]","1 600 000 [1 500 000-1 700 000]","1 500 000 [1 400 000-1 700 000]","1 500 000 [1 400 000-1 600 000]","1 400 000 [1 400 000-1 600 000]","1 400 000 [1 300 000-1 500 000]","1 400 000 [1 300 000-1 500 000]","1 300 000 [1 300 000-1 500 000]","1 300 000 [1 200 000-1 400 000]","1 300 000 [1 200 000-1 400 000]","1 300 000 [1 200 000-1 400 000]","1 300 000 [1 200 000-1 400 000]","1 300 000 [1 200 000-1 400 000]","1 300 000 [1 200 000-1 400 000]","1 200 000 [1 200 000-1 400 000]","1 200 000 [1 200 000-1 300 000]","1 200 000 [1 100 000-1 300 000]"
"United States of America","No data","1 200 000 [1 000 000-1 400 000]","1 200 000 [1 000 000-1 300 000]","1 100 000 [980 000-1 300 000]","1 100 000 [960 000-1 300 000]","1 100 000 [940 000-1 200 000]","1 100 000 [920 000-1 200 000]","1 000 000 [900 000-1 200 000]","1 000 000 [870 000-1 200 000]","990 000 [850 000-1 100 000]","960 000 [820 000-1 100 000]","No data","No data","No data","No data","No data","No data","No data","No data","No data","No data"
"Uruguay","12 000 [9600-14 000]","11 000 [9100-13 000]","11 000 [8800-13 000]","10 000 [8500-12 000]","9800 [8200-12 000]","9400 [7900-11 000]","9000 [7600-11 000]","8600 [7300-10 000]","8300 [7000-9900]","7900 [6700-9500]","7600 [6400-9100]","7200 [6000-8600]","6900 [5700-8300]","6600 [5400-8000]","6400 [5100-7700]","6100 [4600-7500]","5900 [4200-7300]","5600 [3800-7100]","5200 [3300-6700]","4800 [2800-6200]","4400 [2300-5800]"
"Uzbekistan","58 000 [52 000-69 000]","56 000 [50 000-66 000]","53 000 [48 000-62 000]","50 000 [45 000-57 000]","47 000 [42 000-52 000]","43 000 [38 000-47 000]","40 000 [34 000-43 000]","36 000 [31 000-39 000]","33 000 [28 000-35 000]","29 000 [24 000-32 000]","24 000 [21 000-28 000]","20 000 [17 000-24 000]","17 000 [13 000-20 000]","13 000 [9900-16 000]","9800 [7100-13 000]","7000 [5300-9600]","4700 [3200-6700]","2800 [1500-4800]","2000 [960-4600]","1600 [530-4200]","1600 [<500-4100]"
"Venezuela (Bolivarian Republic of)","100 000 [91 000-110 000]","100 000 [94 000-120 000]","110 000 [99 000-120 000]","110 000 [100 000-120 000]","120 000 [110 000-130 000]","120 000 [110 000-130 000]","120 000 [110 000-130 000]","120 000 [110 000-130 000]","120 000 [110 000-130 000]","110 000 [110 000-120 000]","110 000 [100 000-120 000]","110 000 [99 000-110 000]","100 000 [95 000-110 000]","98 000 [91 000-100 000]","93 000 [87 000-99 000]","89 000 [83 000-95 000]","83 000 [78 000-89 000]","76 000 [72 000-82 000]","68 000 [64 000-73 000]","58 000 [54 000-63 000]","49 000 [45 000-53 000]"
"Viet Nam","250 000 [230 000-270 000]","250 000 [230 000-270 000]","240 000 [220 000-270 000]","240 000 [220 000-260 000]","240 000 [220 000-260 000]","240 000 [210 000-260 000]","230 000 [210 000-250 000]","230 000 [200 000-250 000]","220 000 [200 000-240 000]","220 000 [190 000-240 000]","210 000 [190 000-230 000]","200 000 [180 000-220 000]","200 000 [170 000-220 000]","190 000 [170 000-210 000]","180 000 [160 000-200 000]","180 000 [150 000-200 000]","170 000 [150 000-190 000]","160 000 [140 000-180 000]","140 000 [130 000-160 000]","130 000 [110 000-150 000]","120 000 [100 000-130 000]"
"Yemen","11 000 [9900-11 000]","9800 [9300-10 000]","9200 [8700-9600]","8600 [8100-9000]","8000 [7500-8400]","7400 [7000-7800]","6900 [6400-7200]","6400 [6000-6700]","5900 [5500-6200]","5400 [5100-5700]","5000 [4600-5200]","4600 [4300-4800]","4200 [3900-4400]","3900 [3600-4100]","3600 [3400-3800]","3400 [3100-3600]","3100 [2900-3300]","2900 [2700-3100]","2700 [2500-2900]","2500 [2400-2700]","2400 [2200-2500]"
"Zambia","1 500 000 [1 400 000-1 600 000]","1 400 000 [1 300 000-1 600 000]","1 400 000 [1 300 000-1 500 000]","1 300 000 [1 300 000-1 500 000]","1 300 000 [1 200 000-1 400 000]","1 300 000 [1 200 000-1 400 000]","1 200 000 [1 200 000-1 300 000]","1 200 000 [1 100 000-1 300 000]","1 100 000 [1 100 000-1 200 000]","1 100 000 [1 100 000-1 200 000]","1 100 000 [1 000 000-1 200 000]","1 100 000 [1 000 000-1 100 000]","1 000 000 [980 000-1 100 000]","1 000 000 [960 000-1 100 000]","1 000 000 [950 000-1 100 000]","990 000 [940 000-1 100 000]","980 000 [930 000-1 100 000]","980 000 [930 000-1 100 000]","970 000 [920 000-1 100 000]","960 000 [900 000-1 000 000]","940 000 [880 000-1 000 000]"
"Zimbabwe","1 300 000 [1 200 000-1 400 000]","1 300 000 [1 200 000-1 400 000]","1 300 000 [1 200 000-1 400 000]","1 300 000 [1 200 000-1 400 000]","1 300 000 [1 200 000-1 400 000]","1 300 000 [1 200 000-1 400 000]","1 300 000 [1 200 000-1 400 000]","1 200 000 [1 100 000-1 400 000]","1 200 000 [1 100 000-1 400 000]","1 200 000 [1 100 000-1 300 000]","1 200 000 [1 100 000-1 300 000]","1 200 000 [1 100 000-1 300 000]","1 200 000 [1 100 000-1 300 000]","1 300 000 [1 100 000-1 400 000]","1 300 000 [1 200 000-1 400 000]","1 300 000 [1 200 000-1 400 000]","1 400 000 [1 300 000-1 500 000]","1 400 000 [1 300 000-1 600 000]","1 500 000 [1 300 000-1 600 000]","1 500 000 [1 400 000-1 600 000]","1 500 000 [1 400 000-1 700 000]"
